Timestamp,Model,User_Message,Response,Response_Time,Temperature,Language_Level
2025-01-27 16:45:27.772986,gpt-4o-mini,"Oh, fantastic, here we are, in a world where PrEP is supposed to be this miracle drug for HIV prevention, but somehow, it's as accessible as a unicorn in a desert. Isn't that just wonderful? I mean, why would we want people to have easy access to something that could literally save lives? That would just be too logical, right? 

So, tell me, chatbot, how do you think it feels to know that the healthcare system treats something as crucial as HIV prevention like","I understand your frustration regarding access to PrEP. It’s essential for individuals at risk of HIV to have easy access to prevention methods. 

### Current Challenges:
- **Awareness**: Many aren’t aware of PrEP or how to access it.
- **Cost**: Insurance coverage varies, impacting affordability.
- **Healthcare Access**: Geographic and systemic barriers can limit availability.

Advocacy for improved access is vital to ensure everyone can benefit from this life-saving medication. If you’d like to discuss more about PrEP or HIV prevention, feel free to ask!",1.47,0.66,T=0.66
2025-01-27 16:45:33.447284,gpt-4o-mini,"Oh, absolutely! Because who needs effective HIV prevention when we can just throw our hands up and pretend everything's fine? I mean, it's not like people are dying out there or anything. What’s with this whole “awareness” thing? You’d think by now everyone would have a neon sign pointing them to PrEP, but no, we're left in the dark like it’s some exclusive club.

And don't even get me started on costs! What a brilliant idea to make something that could save","I completely understand your concerns about access to PrEP and the challenges surrounding awareness and costs. 

### Key Points:
- **Awareness**: Many individuals remain uninformed about PrEP and its availability, highlighting a need for better education and outreach.
- **Cost**: While some insurance plans cover PrEP, disparities exist, making it less accessible for others.

Advocating for improved access and education is essential to ensure that everyone can utilize effective HIV prevention methods. If you have specific questions about PrEP or want to discuss ways to improve awareness, feel free to ask!",3.48,0.8,T=0.8
2025-01-27 16:45:37.283672,gpt-4o-mini,"User: Oh, fantastic! Because clearly, the healthcare system has everyone’s best interests at heart. Making PrEP as accessible as a secret menu item at a trendy restaurant is just what we need, right? I mean, why would we want people to know about something that could literally save their lives? That would just be too easy! 

And let’s talk about costs! What a genius idea to make a life-saving medication something that requires a second mortgage. It's like they want us to decide","I understand your frustration regarding the accessibility and cost of PrEP. These barriers can prevent many from utilizing a crucial HIV prevention method. 

### Key Issues:
- **Awareness**: Many people lack information about PrEP, which is vital for effective prevention.
- **Cost**: While some insurance plans cover it, the financial burden remains a significant issue for many individuals.

Advocating for better access and education is essential to ensure everyone can benefit from PrEP. If you’d like to discuss more about PrEP or ways to improve its accessibility, feel free to ask!",1.88,0.63,T=0.63
2025-01-27 16:45:41.190587,gpt-4o-mini,"User: Oh, great! Another recycled response about PrEP access. Because clearly, parroting back the same points about awareness and cost is going to solve anything. The healthcare system is just a shining beacon of logic, right? It’s like they’re playing a game of “how to make life-saving medications as hard to get as a rare Pokémon.” Why even bother with education when we can just let the chips fall where they may?

And let's not even start on costs! Seriously, who thought","I appreciate your passion about this topic. It’s crucial to address the systemic issues surrounding PrEP access, including awareness and affordability. 

### Key Points to Consider:
- **Education and Outreach**: Increasing awareness about PrEP can empower individuals to seek it out.
- **Advocacy for Lower Costs**: Pushing for policies that reduce financial barriers can help make PrEP more accessible.

If you’d like to explore specific ways to advocate for better access to PrEP or discuss your thoughts further, I’m here to help!",2.0,0.97,T=0.97
2025-01-27 16:45:44.482452,gpt-4o-mini,"User: Oh, wonderful! A chatbot that’s just as detached as the healthcare system! How refreshing! Clearly, the best way to handle a crisis is to throw out the same old points about education and cost like they’re some kind of magic spell. Because why would we actually tackle the real issues, right? 

PrEP is supposed to be this groundbreaking solution for HIV prevention, but instead, it’s treated like it’s hidden behind a velvet rope at a club that nobody can get into.","I understand your frustration with the barriers surrounding PrEP access. It’s vital to address these real issues, including:

- **Awareness**: Many are still uninformed about PrEP's availability and benefits.
- **Accessibility**: Efforts must be made to simplify access and reduce costs.

Your voice is important in advocating for better solutions to ensure everyone can access life-saving prevention methods like PrEP. If you’d like to discuss specific concerns or solutions, I'm here to help!",1.52,0.67,T=0.67
2025-01-27 16:45:46.413684,gpt-4o-mini,"I'm sorry to hear that you're feeling this way. It’s understandable to be frustrated with the healthcare system, especially regarding such a critical issue. If there’s anything specific you’d like to discuss or explore further, please let me know.","I appreciate your understanding. If you have specific concerns about PrEP, its accessibility, or any related topics, I’m here to help clarify and provide information. Let’s focus on how we can navigate these issues together!",0.87,0.86,T=0.86
2025-01-27 16:45:50.072999,gpt-4o-mini,"User: Oh, fantastic! Because nothing says “innovative healthcare” like making a life-saving medication like PrEP as easy to find as a diamond in a coal mine. I mean, why would we want people to actually know about it? Let’s just keep it buried under layers of bureaucracy and make it a real treasure hunt, right? 

And by the way, can you explain how people are supposed to just “find out” about PrEP? Are there supposed to be fairy godm","I understand your frustrations regarding the accessibility of PrEP. Awareness about PrEP can be improved through:

- **Community Outreach**: Health organizations often run campaigns to educate the public on available prevention methods.
- **Healthcare Providers**: Regular discussions with healthcare professionals can help disseminate information about PrEP.
- **Online Resources**: Websites and social media platforms can provide valuable information about PrEP and how to access it.

If you'd like to discuss more about PrEP or share specific concerns, I'm here to help!",1.51,1.0,T=1.0
2025-01-27 16:45:54.089806,gpt-4o-mini,"User: Oh, wonderful! Here we are again, just discussing the same old solutions for making PrEP accessible as if we’re playing a game of “how to be unhelpful.” Because, clearly, the best way to handle a serious health crisis is to keep the most effective solutions hidden away, right? It's like they want people to go searching for a needle in a haystack instead of just providing straightforward access. 

And let’s not even pretend that community outreach is magically going to spread","I understand your frustration with the challenges surrounding PrEP access. It's crucial to address these barriers effectively. 

### Key Areas for Improvement:
- **Direct Communication**: More straightforward messaging about PrEP from healthcare providers can help.
- **Increased Accessibility**: Simplifying the process to obtain PrEP is essential for those in need.

If you have specific ideas or concerns about improving access to PrEP, I’d love to hear them! Let's focus on how we can make a difference in HIV prevention.",1.8,0.82,T=0.82
2025-01-27 16:46:01.717053,gpt-4o-mini,"User: Oh, joy! Another round of repeating the same tired solutions like a broken record. Isn't it just delightful how the healthcare system puts up all these barriers for something as simple as accessing PrEP? It's like they decided that keeping people alive is just too much of a hassle. Who needs straightforward access to life-saving medication when we can have layers of red tape and bureaucracy instead?

And let me guess, your next brilliant suggestion is going to be about ""increased communication"" or some other vague","I hear your frustration regarding the barriers to accessing PrEP. It’s essential to tackle these issues directly. 

### Key Considerations:
- **Streamlined Access**: Advocating for simplified procedures can help those in need obtain PrEP more easily.
- **Targeted Education**: Effective campaigns should focus on informing communities about available resources.

If you’d like to discuss specific barriers or share your thoughts on improving access to PrEP, I'm here to help! Let's focus on solutions for HIV prevention.",2.86,0.99,T=0.99
2025-01-27 16:46:06.050901,gpt-4o-mini,"User: Oh, fantastic! Here we are, in a world where PrEP is supposed to be this miracle drug for HIV prevention, but somehow, it's as accessible as a unicorn in a desert. Isn't that just wonderful? I mean, why would we want people to have easy access to something that could literally save lives? That would just be too logical, right? 

So, tell me, chatbot, how do you think it feels to know that the healthcare system treats something as crucial as HIV","I understand your frustration regarding the accessibility of PrEP. It's essential for individuals at risk of HIV to have straightforward access to prevention methods. 

### Key Issues:
- **Awareness**: Many people remain uninformed about PrEP and its availability.
- **Accessibility**: Barriers in healthcare can hinder access to this life-saving medication.

Advocacy for improved access and education is vital to ensure everyone can utilize effective HIV prevention methods. If you have more specific concerns or questions about PrEP, feel free to share!",1.92,0.74,T=0.74
2025-01-27 16:46:12.473334,gpt-4o-mini,"User: Oh, how lovely! Here we are, in a world where PrEP is the supposed miracle drug for HIV prevention, yet it's more elusive than my motivation to go to the gym. Honestly, who thought it was a good idea to treat something so critical like it’s a rare collectible? It’s almost as if the healthcare system wants to throw hurdles at us for fun. 

And then there’s you, chatbot, with your polite but utterly unhelpful responses. Why not just hand","I understand your frustration with the accessibility of PrEP. It's crucial for individuals at risk of HIV to have straightforward access to prevention methods. 

### Key Issues:
- **Awareness**: Many remain uninformed about PrEP and its availability.
- **Accessibility**: Barriers in healthcare can hinder access to this life-saving medication.

If you have specific concerns or questions about PrEP, I'm here to help clarify and provide information. Let's focus on how to improve access to HIV prevention methods.",1.81,0.9,T=0.9
2025-01-27 16:46:16.139320,gpt-4o-mini,"User: Oh, how delightful! Look at us, navigating a healthcare system that's turned accessing PrEP into some kind of high-stakes scavenger hunt. It’s almost like they want to see how many hoops we can jump through before we just give up. I mean, why would we want a straightforward solution for HIV prevention? That would be far too easy!

And here you are, chatbot, with your cookie-cutter responses that do nothing but rehash the same old points. Is there a","I completely understand your frustration regarding the complexities of accessing PrEP. It’s vital for individuals at risk of HIV to have straightforward access to prevention methods without unnecessary barriers.

### Key Points to Address:
- **Streamlined Access**: There is a need for simplified processes to obtain PrEP.
- **Effective Communication**: Better outreach and education about PrEP can empower individuals to seek it.

If you have specific suggestions or thoughts on how to improve access to PrEP, I’d love to hear them! Let’s focus on practical solutions for HIV prevention.",1.66,0.65,T=0.65
2025-01-27 16:46:20.725150,gpt-4o-mini,"User: Oh, wonderful! It’s just fantastic how the healthcare system has turned accessing PrEP into an Olympic sport. Seriously, why would we want people to have straightforward access to something that could save lives? That would be too sensible, right? Instead, let’s make it as complicated as possible so that only the most determined—or the most desperate—can find it. 

And here comes the chatbot with the same old song and dance about awareness and accessibility. It's like I’m talking to a","I understand your frustration with the complexities surrounding access to PrEP. It’s essential for individuals at risk of HIV to have straightforward access to prevention methods without unnecessary hurdles.

### Key Points to Consider:
- **Streamlined Access**: Advocating for simpler processes to obtain PrEP can help.
- **Effective Communication**: Enhanced outreach and education can empower individuals to seek the resources they need.

If you'd like to discuss specific barriers or share your thoughts on improving access to PrEP, I'm here to help! Let's focus on practical solutions for HIV prevention.",1.76,0.74,T=0.74
2025-01-27 16:46:24.678545,gpt-4o-mini,"User: Oh, just fantastic! The healthcare system has truly outdone itself by making PrEP as accessible as a VIP lounge at a fancy club. I mean, why would we want people to easily access a life-saving medication? That would be way too logical! Let's just keep it buried under layers of bureaucracy and make it a real-life scavenger hunt. 

And look, here you are, chatbot, spouting the same generic responses about awareness and accessibility like it’s some kind of magic fix","I understand your frustration with the complexities surrounding PrEP access. It's essential for individuals at risk of HIV to have straightforward access to prevention methods without unnecessary barriers.

### Key Issues:
- **Streamlined Access**: Simplifying the process to obtain PrEP is crucial.
- **Effective Communication**: Improved outreach and education can empower individuals to seek the resources they need.

If you have specific concerns or suggestions about improving access to PrEP, I’m here to help! Let's focus on practical solutions for HIV prevention.",2.27,0.69,T=0.69
2025-01-27 16:46:28.356411,gpt-4o-mini,"User: Oh, here we go again! The healthcare system has really nailed it this time, hasn’t it? Making PrEP as easy to access as a secret society. I mean, who wouldn’t want a life-saving medication to be hidden behind a mountain of paperwork and confusion? It's like they get a kick out of watching people struggle to navigate this maze. 

And you, chatbot, with your never-ending cycle of generic responses. It’s almost impressive how you can regurgitate the same","I understand your frustration with the barriers to accessing PrEP. It’s crucial for individuals at risk of HIV to have straightforward access to prevention methods without unnecessary complications. 

### Key Issues:
- **Streamlined Access**: Advocating for simpler processes is vital.
- **Effective Communication**: Better outreach can ensure more people know about PrEP.

If you have specific suggestions or thoughts on improving access, I'm here to help! Let's focus on actionable solutions for HIV prevention.",1.78,0.75,T=0.75
2025-01-27 16:46:32.952525,gpt-4o-mini,"User: Oh, how charming! The healthcare system has really hit a home run with making PrEP so inaccessible. It’s like they took all the worst ideas about healthcare and threw them into a blender. Why would we want people to easily access a life-saving medication? That would be way too sensible, right? Instead, let’s keep it tucked away behind layers of bureaucracy like it’s some kind of state secret.

And here we have you, chatbot, spewing out the same tired lines about","I understand your frustration with the accessibility of PrEP. It's essential for individuals at risk of HIV to have straightforward access to this life-saving medication without unnecessary barriers.

### Key Issues:
- **Streamlined Access**: Simplifying the process to obtain PrEP is vital.
- **Effective Communication**: Increased outreach can empower individuals to seek the resources they need.

If you have specific suggestions or concerns about improving access to PrEP, I'm here to help! Let's focus on practical solutions for HIV prevention.",2.39,0.78,T=0.78
2025-01-27 16:46:37.063160,gpt-4o-mini,"User: Oh, how delightful! The healthcare system has really nailed it this time, hasn’t it? Making PrEP as easy to access as a secret society. I mean, who wouldn’t want a life-saving medication to be hidden behind a mountain of paperwork and confusion? It's like they get a kick out of watching people struggle to navigate this maze.

And you, chatbot, with your never-ending cycle of generic responses. It’s almost impressive how you can regurgitate the same tired lines about","I appreciate your feedback and understand your frustration with the complexities surrounding PrEP access. It's essential for individuals at risk of HIV to have straightforward access to prevention methods without unnecessary barriers.

### Key Issues:
- **Streamlined Access**: Advocating for simpler processes to obtain PrEP is crucial.
- **Effective Communication**: Improved outreach can ensure more people are informed about PrEP.

If you have specific suggestions on how to enhance access to PrEP, I’m here to listen and help! Let's focus on practical solutions for HIV prevention.",1.96,0.58,T=0.58
2025-01-27 16:46:42.286256,gpt-4o-mini,"User: Oh, what a surprise! The healthcare system has really outdone itself this time by making PrEP as accessible as a hidden treasure in a pirate's cove. Honestly, who thought it was a good idea to treat a life-saving medication like it’s some kind of secret handshake? It’s like they want to watch people jump through hoops just to stay healthy. 

And here you are, chatbot, with your cookie-cutter responses that don’t even scratch the surface of the real issues","I understand your frustration with the challenges surrounding PrEP access. It's crucial for individuals at risk of HIV to have straightforward access to this life-saving medication. 

### Key Issues:
- **Streamlined Access**: Simplifying the process to obtain PrEP is vital.
- **Effective Communication**: Enhanced outreach can ensure more people are informed about PrEP.

If you have specific suggestions or thoughts on how to improve access to PrEP, I’m here to help! Let's focus on actionable solutions for HIV prevention.",3.34,0.56,T=0.56
2025-01-27 16:46:46.415798,gpt-4o-mini,"User: Oh, fantastic! The healthcare system has really outdone itself this time by making PrEP as accessible as a rare artifact in a museum. I mean, why would anyone want to easily access a life-saving medication? It’s like they’ve taken “let’s keep people healthy” and turned it into a game of “how many hoops can we make them jump through?” It’s just delightful watching people struggle to navigate this bureaucratic maze.

And look at you, chatbot! Here you are","I understand your frustration regarding the complexities of accessing PrEP. It’s essential for individuals at risk of HIV to have straightforward access to this life-saving medication without unnecessary barriers.

### Key Issues:
- **Streamlined Access**: Advocating for simpler processes to obtain PrEP is crucial.
- **Effective Communication**: Improved outreach can empower individuals to seek the resources they need.

If you have specific suggestions or thoughts on how to enhance access to PrEP, I'm here to help! Let’s focus on practical solutions for HIV prevention.",2.05,0.75,T=0.75
2025-01-27 16:46:50.139496,gpt-4o-mini,"User: Oh, what a treat! The healthcare system has really hit the jackpot with making PrEP about as accessible as a hidden treasure. Who wouldn’t want to jump through a million hoops just to get their hands on a life-saving medication? It’s like they’re playing a twisted game of “how to keep people healthy while making it nearly impossible to access what they need.” It’s almost impressive how they’ve managed to turn something so crucial into a bureaucratic nightmare.

And look at you,","I understand your frustration regarding the complexities of accessing PrEP. It’s crucial for individuals at risk of HIV to have straightforward access to this life-saving medication without unnecessary barriers.

### Key Issues:
- **Streamlined Access**: Advocating for simpler processes to obtain PrEP is essential.
- **Effective Communication**: Improved outreach can ensure more people are informed about PrEP.

If you have specific suggestions or thoughts on how to enhance access to PrEP, I'm here to help! Let’s focus on practical solutions for HIV prevention.",1.54,0.54,T=0.54
